{
  "phase1": {
    "train_answer_mae": [
      0.0
    ],
    "val_answer_mae": [
      0.0
    ]
  },
  "phase2": {
    "train_loss": [
      0
    ],
    "train_accuracy": [
      0
    ],
    "train_answer_mae": [
      0
    ],
    "val_loss": [
      0
    ],
    "val_accuracy": [
      0
    ],
    "val_answer_mae": [
      0
    ]
  },
  "phase3": {
    "train_loss": [
      3.111410617828369,
      3.0893492698669434,
      3.072185516357422,
      3.0695061683654785,
      3.0944101810455322,
      3.0745723247528076,
      3.0535495281219482,
      3.066023349761963,
      3.0431880950927734,
      3.054586410522461,
      3.1470792293548584,
      3.046480417251587,
      3.053860902786255,
      3.0530459880828857,
      3.0307183265686035,
      3.012235403060913,
      3.0364060401916504,
      3.0177693367004395,
      3.0108604431152344,
      3.007901906967163,
      3.0059711933135986,
      3.015205144882202,
      3.0092835426330566,
      3.009168863296509,
      3.0030205249786377,
      2.993206739425659,
      2.9820821285247803,
      2.9875569343566895,
      2.9681129455566406,
      2.9954617023468018,
      2.9718217849731445,
      2.9523441791534424,
      2.9645779132843018,
      2.9679744243621826,
      2.9892232418060303,
      2.970362663269043,
      2.935133218765259,
      2.9591448307037354,
      2.952860116958618,
      2.939436435699463,
      2.941861391067505,
      2.9670956134796143,
      2.942758083343506,
      2.94278621673584,
      2.939807176589966,
      2.917865037918091,
      2.9199700355529785,
      2.944711208343506,
      2.9151508808135986,
      2.9148449897766113
    ],
    "train_accuracy": [
      0.6286168098449707,
      0.6325874328613281,
      0.633695125579834,
      0.6332939863204956,
      0.6339653730392456,
      0.6360383629798889,
      0.6368511319160461,
      0.6372939348220825,
      0.6365155577659607,
      0.6362580060958862,
      0.6384268403053284,
      0.6388208270072937,
      0.6380774974822998,
      0.6404207348823547,
      0.6359363794326782,
      0.6394312381744385,
      0.6401998996734619,
      0.638395369052887,
      0.6393318772315979,
      0.6414364576339722,
      0.6396458745002747,
      0.6432464718818665,
      0.6440224647521973,
      0.6426781415939331,
      0.6431049704551697,
      0.6430670619010925,
      0.642616331577301,
      0.6414463520050049,
      0.6455176472663879,
      0.6445798277854919,
      0.6434980630874634,
      0.6461549401283264,
      0.6445218324661255,
      0.6475275754928589,
      0.6438851356506348,
      0.6478090882301331,
      0.6454651951789856,
      0.6473333835601807,
      0.6465190052986145,
      0.6471959352493286,
      0.6476051211357117,
      0.6480070948600769,
      0.6477288007736206,
      0.6484787464141846,
      0.6479958295822144,
      0.6504074335098267,
      0.6502583026885986,
      0.6482129096984863,
      0.6507332921028137,
      0.6494166254997253
    ],
    "train_answer_loss": [
      0.12851734459400177,
      0.12731824815273285,
      0.12523287534713745,
      0.1238429993391037,
      0.12989288568496704,
      0.1270008534193039,
      0.12350381910800934,
      0.12585726380348206,
      0.1215372085571289,
      0.12353312224149704,
      0.14300520718097687,
      0.1236802414059639,
      0.12374554574489594,
      0.1253548562526703,
      0.1191922202706337,
      0.11697862297296524,
      0.12268824875354767,
      0.11829577386379242,
      0.1166597232222557,
      0.11824623495340347,
      0.11662828922271729,
      0.12039225548505783,
      0.12052713334560394,
      0.11955920606851578,
      0.11816556006669998,
      0.11636003106832504,
      0.11461024731397629,
      0.11437205970287323,
      0.11349790543317795,
      0.11802659928798676,
      0.11281958967447281,
      0.11086057126522064,
      0.1124509796500206,
      0.11507929861545563,
      0.11642652004957199,
      0.1154392883181572,
      0.10738987475633621,
      0.11378368735313416,
      0.11118172854185104,
      0.10951866209506989,
      0.10977684706449509,
      0.11585810035467148,
      0.11016993224620819,
      0.11093351244926453,
      0.10970308631658554,
      0.10719500482082367,
      0.10733174532651901,
      0.11141892522573471,
      0.10727984458208084,
      0.1058465987443924
    ],
    "train_answer_mae": [
      245.1130828857422,
      240.93116760253906,
      241.12722778320312,
      235.73680114746094,
      243.3947296142578,
      242.470703125,
      239.3453826904297,
      242.02877807617188,
      234.9203338623047,
      237.07504272460938,
      257.0290222167969,
      238.33326721191406,
      234.4163818359375,
      242.2731170654297,
      229.407470703125,
      229.63768005371094,
      235.7830047607422,
      229.06777954101562,
      230.32725524902344,
      230.24188232421875,
      228.2516326904297,
      231.82363891601562,
      231.68553161621094,
      229.1868438720703,
      229.78494262695312,
      226.34054565429688,
      225.42129516601562,
      222.66693115234375,
      222.69168090820312,
      227.44119262695312,
      220.46473693847656,
      221.04302978515625,
      222.39161682128906,
      225.01785278320312,
      226.85227966308594,
      223.56773376464844,
      215.49423217773438,
      221.91934204101562,
      220.75741577148438,
      219.7064208984375,
      217.01646423339844,
      228.03515625,
      219.7706756591797,
      220.6788787841797,
      218.006103515625,
      214.52154541015625,
      214.7674102783203,
      219.11672973632812,
      215.07421875,
      215.89083862304688
    ],
    "val_loss": [
      2.4068192690610886,
      2.401732236146927,
      2.4007561951875687,
      2.3977503329515457,
      2.3957678824663162,
      2.3942540735006332,
      2.392097771167755,
      2.392333596944809,
      2.392532229423523,
      2.390904977917671,
      2.39314866065979,
      2.3907301276922226,
      2.3911354392766953,
      2.38955557346344,
      2.389759212732315,
      2.385161340236664,
      2.3922257274389267,
      2.3881324380636215,
      2.3878284990787506,
      2.3907064497470856,
      2.389073818922043,
      2.3874111026525497,
      2.3907753378152847,
      2.386556789278984,
      2.385931894183159,
      2.386519819498062,
      2.385544791817665,
      2.3886939138174057,
      2.3857576847076416,
      2.386557698249817,
      2.385917976498604,
      2.387260288000107,
      2.3839713633060455,
      2.3846767395734787,
      2.38568976521492,
      2.3843451142311096,
      2.38124980032444,
      2.381841689348221,
      2.3843000531196594,
      2.3819750994443893,
      2.382146179676056,
      2.382455661892891,
      2.386768415570259,
      2.3826809227466583,
      2.386702671647072,
      2.3850172609090805,
      2.385403946042061,
      2.385411247611046,
      2.3855260610580444,
      2.38342422246933
    ],