{
  "train_loss": [
    3.5426185131073,
    2.9240591526031494,
    2.694463014602661,
    2.543921709060669,
    2.4281058311462402,
    2.335475444793701,
    2.24837589263916,
    2.171766996383667,
    2.110581398010254,
    2.064549207687378,
    2.025930881500244,
    1.9958477020263672,
    1.9686334133148193,
    1.9468072652816772,
    1.9269626140594482,
    1.9082390069961548,
    1.8959035873413086,
    1.8818269968032837,
    1.868739128112793,
    1.8567959070205688,
    1.8470277786254883,
    1.8361278772354126,
    1.8264122009277344,
    1.819066047668457,
    1.8119831085205078,
    1.8052377700805664,
    1.7973825931549072,
    1.7902809381484985,
    1.7831662893295288,
    1.7782211303710938,
    1.7720947265625,
    1.7658735513687134,
    1.7608639001846313,
    1.755039930343628,
    1.7507213354110718,
    1.7449839115142822,
    1.7420613765716553,
    1.7374101877212524,
    1.734267234802246,
    1.7297980785369873,
    1.7266845703125,
    1.721632719039917,
    1.7169945240020752,
    1.7129958868026733,
    1.710391640663147,
    1.7073472738265991,
    1.704125165939331,
    1.7005285024642944,
    1.6958067417144775,
    1.6931507587432861,
    1.6910336017608643,
    1.6885954141616821,
    1.6861257553100586,
    1.683908462524414,
    1.68081796169281,
    1.6775236129760742,
    1.6751524209976196,
    1.6704139709472656,
    1.6694329977035522,
    1.6664535999298096,
    1.6629177331924438,
    1.6629886627197266,
    1.66166090965271,
    1.6588445901870728,
    1.6553983688354492,
    1.6525182723999023,
    1.6501210927963257,
    1.6492130756378174,
    1.6474225521087646,
    1.6451209783554077,
    1.6440870761871338,
    1.6412519216537476,
    1.6382331848144531,
    1.637641191482544,
    1.6349700689315796,
    1.6326072216033936,
    1.6310701370239258,
    1.6298459768295288,
    1.6271387338638306,
    1.6240135431289673,
    1.623488187789917,
    1.622492790222168,
    1.6222130060195923,
    1.6183580160140991,
    1.6168367862701416,
    1.614858865737915,
    1.6134319305419922,
    1.6128286123275757,
    1.608841896057129
  ],
  "train_accuracy": [
    0.23975372314453125,
    0.3456302881240845,
    0.4015570282936096,
    0.44530266523361206,
    0.4802141785621643,
    0.5092184543609619,
    0.5372264981269836,
    0.5610597133636475,
    0.5801109075546265,
    0.5941194295883179,
    0.6057353615760803,
    0.6151840090751648,
    0.6240922212600708,
    0.6302890777587891,
    0.6363955736160278,
    0.6420131921768188,
    0.6459481120109558,
    0.6507376432418823,
    0.6543999910354614,
    0.658102810382843,
    0.6611300706863403,
    0.6648508310317993,
    0.6677384376525879,
    0.6699081063270569,
    0.6721834540367126,
    0.6738358736038208,
    0.6762515306472778,
    0.6784831285476685,
    0.6809720993041992,
    0.6821051836013794,
    0.6844261884689331,
    0.6862290501594543,
    0.6874715685844421,
    0.6897435784339905,
    0.6911755800247192,
    0.6924554705619812,
    0.6936336755752563,
    0.6948508024215698,
    0.6959416270256042,
    0.6972514390945435,
    0.6979590654373169,
    0.6996277570724487,
    0.7013417482376099,
    0.7027004361152649,
    0.7032434344291687,
    0.704371988773346,
    0.7051570415496826,
    0.7063868045806885,
    0.7077993154525757,
    0.7086962461471558,
    0.7090026140213013,
    0.7100213170051575,
    0.7104873061180115,
    0.7113825082778931,
    0.7124007940292358,
    0.7134456038475037,
    0.7136431336402893,
    0.7156461477279663,
    0.7157419919967651,
    0.7168005704879761,
    0.7179025411605835,
    0.7178182601928711,
    0.7183046340942383,
    0.7190686464309692,
    0.7201856374740601,
    0.7213379740715027,
    0.7216935157775879,
    0.7222376465797424,
    0.7227159738540649,
    0.7233609557151794,
    0.7238048315048218,
    0.7246216535568237,
    0.7254990935325623,
    0.7255986332893372,
    0.7267875075340271,
    0.7270373106002808,
    0.7275915741920471,
    0.7279155254364014,
    0.7289639711380005,
    0.7297738194465637,
    0.7298375368118286,
    0.7302356362342834,
    0.7302711009979248,
    0.7317935228347778,
    0.7319040894508362,
    0.7327567338943481,
    0.7332299947738647,
    0.7334197759628296,
    0.7343423366546631
  ],
  "val_loss": [
    2.7782788276672363,
    2.4130752086639404,
    2.2111825942993164,
    2.026726007461548,
    1.9038640260696411,
    1.781148076057434,
    1.6909947395324707,
    1.6345196962356567,
    1.5911495685577393,
    1.5650354623794556,
    1.5543941259384155,
    1.5411255359649658,
    1.5297342538833618,
    1.5222790241241455,
    1.510213851928711,
    1.5062228441238403,
    1.495614767074585,
    1.4924073219299316,
    1.487093448638916,
    1.481742024421692,
    1.4738050699234009,
    1.4771493673324585,
    1.4709831476211548,
    1.4593639373779297,
    1.4540659189224243,
    1.4556770324707031,
    1.4583454132080078,
    1.4494802951812744,
    1.4507639408111572,
    1.4472415447235107,
    1.4435347318649292,
    1.4471312761306763,
    1.4395543336868286,
    1.4331409931182861,
    1.4388623237609863,
    1.4315412044525146,
    1.4264085292816162,
    1.4269869327545166,
    1.432726263999939,
    1.4189331531524658,
    1.426291823387146,
    1.4234421253204346,
    1.4252030849456787,
    1.4173526763916016,
    1.4210783243179321,
    1.4177453517913818,
    1.4224804639816284,
    1.4186670780181885,
    1.415921926498413,
    1.4098929166793823,
    1.4146863222122192,
    1.4146075248718262,
    1.413107991218567,
    1.4090806245803833,
    1.4092499017715454,
    1.4091708660125732,
    1.4066303968429565,
    1.4016965627670288,
    1.4037697315216064,
    1.4030879735946655,
    1.4023560285568237,
    1.40043044090271,
    1.4057453870773315,
    1.402420163154602,
    1.3999823331832886,
    1.4023144245147705,
    1.397855281829834,
    1.39824640750885,
    1.401115894317627,
    1.3954088687896729,
    1.4011207818984985,
    1.3950880765914917,
    1.3981664180755615,
    1.3941670656204224,
    1.3937098979949951,
    1.3930646181106567,
    1.3920830488204956,
    1.3891023397445679,
    1.3869234323501587,
    1.3882635831832886,
    1.3890234231948853,
    1.38916015625,
    1.393968939781189,
    1.3904056549072266,
    1.3886021375656128,
    1.3897491693496704,
    1.3869364261627197,
    1.3883037567138672,
    1.387176752090454
  ],